DNI;Nombre;TELEFONO;DIRECCION
10000000A;Elizabeth Lindsey  ;708685441;Woodland Lane, 5157
10000300B;Kobe Gibson  ;154301805;Fairbairn  Avenue, 8750
10000600R;Christian Kim  ;132359590;Queen Rue, 2353
10000900G;Vanessa Jones  ;710289361;Walnut Hill, 7371
10001200G;Anthony Walker  ;848713635;Bingham   Route, 5588
10001500P;Bella Meyer  ;911163642;Bennett  Drive, 9395
10001803R;Lukas Gibson  ;981245275;Emden   Road, 2528
10002100D;Max Thomas  ;100786519;Durnford  Way, 219
10002400Z;Patrick Baker  ;921931332;Canon Rue, 3618
10000700T;Dexter Moore ;739713678;Armory  Hill, 850
10002700Y;Athena Webster  ;928149814;Cheney  Tunnel, 844
10002720U;Elsie Sanders  ;875506964;Camelot   Avenue, 593
10002740L;Raiden Ward  ;87760617;Burton  Pass, 795
10002760D;Ethan Bates  ;177970403;Blackall   Lane, 517
10002780A;Logan Smith  ;422053187;Tisbury  Tunnel, 7273
10002800Q;Teagan Ortiz  ;331035167;Chantry   Crossroad, 536
10002820W;Greyson Lee  ;551024425;Besson  Crossroad, 2104
10002840E;Carson Collins  ;899711925;Lake Rue, 9704
10002860G;Mark Houston  ;441507281;Black Friars   Avenue, 9204
10002880R;Kailani James;384829251;Lake Crossroad, 357
10002900Y;Ricardo Morgan  ;492192969;Zealand Vale, 8934
10002920U;Cali Houston  ;374017935;Bendall   Drive, 9227
10002940I;Alessandra Patel  ;961070117;Western   Way, 4998
10002960O;Camden Green  ;774326143;Spruce Road, 4086
10002980P;Vanessa Ross  ;455405076;Anns  Crossroad, 3771
10003000Z;Rosalie Newman  ;136389567;Woodland Alley, 9756
10003020L;Maximiliano Scott  ;409280197;Bales  Vale, 6462
10003040K;Elaina Houston  ;566202801;Endsleigh  Road, 7930
10003060J;Bryce Gray  ;210929954;Cavaye  Crossroad, 9297
10003080H;Madeline Harris ;609101858;Chantry   Vale, 9569
10003100G;Tony Cooper;251923846;Central  Pass, 5899
10003120F;Abdul Tanner;760632943;Carolina  Hill, 1254
10003140D;Tom Osmond;636154405;Dunton  Hill, 9860
10003160S;Anthony Squire;35440412;Angrave    Alley, 2484
10003180A;Harry Kennedy;626145542;Canon Tunnel, 829
10003200Z;Peter Patel;308241841;Canal  Vale, 8077
10003220X;Meredith Flynn;837188216;Camera  Hill, 7500
10003240C;Michael Addis;142144320;Adderley   Grove, 1652
10003260V;Michael Weasley;220955854;Yorkshire  Walk, 2035
10003280B;Michaela Gardner;658856771;Clyde Crossroad, 3757
10003300N;Tyson Amstead;254584549;Geary   Rue, 7730
10003320M;Margot Raven;75032341;Canal  Hill, 5307
10003340Q;Sofie Santos;928795760;Carlton  Crossroad, 5847
10003360W;Beatrice Weldon;438762459;Maple Vale, 3008
10003380E;Julia Mcleod;720131839;Yoakley Crossroad, 4147
10003400A;Bart Miller;437244543;Arlington  Drive, 6184
10003420S;Alan Lyon;264759010;Commercial  Walk, 4152
10003440D;Mackenzie Archer;399061793;Westcott  Crossroad, 3766
10003460Z;Miriam Bradley;998147321;Carlton  Boulevard, 3715
10003480X;Kieth Oatway;213662176;Carlton  Tunnel, 2332
10003500C;Liv Kent;899688172;Betton  Vale, 9083
10003520R;Faith Norris;22842556;East Crossroad, 7033
10003540T;Noemi Thompson;416594499;Blackpool  Walk, 5008
10003560Y;Hazel Vernon;859175584;Falconberg   Pass, 2216
10003580F;Percy Buckley;746649392;Durweston   Route, 9897
10003600G;Russel Giles;999643985;Bendall   Vale, 6759
10003620H;Summer Swan;416050708;Arundel   Street, 9305
10003640V;Kimberly Gardner;417461700;Thomas Doyle   Alley, 2251
10003660B;Kurt Gallacher;807776706;Erindale Avenue, 8203
10003680N;Lucy Terry;808910406;Elf  Lane, 4144
10003700I;Macy Allen;319204618;Chambers  Lane, 8480
10003720O;Barry Yoman;709550040;Chicksand  Vale, 5398
10003740P;Harvey Jackson;912955088;Empress  Route, 2515
10003760K;Fred Gardner;185910018;Berriman  Hill, 2140
10003780L;Lindsay King;430309830;Empress  Drive, 4836
10003800E;Celina Wise;272898549;Black Swan  Avenue, 6053
10003820B;Chloe Dunbar;794450533;Cleaver Rue, 6087
10003840N;Shay Lyon;883654776;Woodland Walk, 503
10003860M;Angelica Johnson;556603346;Colombo   Vale, 4274
10003880Q;Ramon Nanton;585300721;Kinglake  Vale, 2901
10003900A;Daphne Bryson;749275357;Edwin   Rue, 5030
10003920Z;Jack Moss;722326057;Cavendish Road, 2316
10003940W;Melania Smith;299083475;Clyde Boulevard, 3774
10003960S;Katelyn Kennedy;711472947;Udall   Walk, 5360
10003980X;Fiona Clarkson;273253822;Canon Tunnel, 5247
10004000E;Sydney Lane;508307038;Gate   Avenue, 8258
10004020D;Elisabeth Dickson;123666657;Central  Crossroad, 3563
10004040C;Evelynn Brock;120644368;Ayres   Lane, 6005
10004060R;Susan Chapman;286302188;Tilloch   Drive, 6809
10004080F;Cynthia Farrant;753803272;Vintners  Route, 5505
10004100V;Dasha Lewin;405336053;Virgil   Street, 4953
10004120T;Anabelle Palmer;209558514;Kinglake  Avenue, 1722
10004140G;Bernadette Asher;651446167;Adderley   Lane, 2833
10004160B;Tony Dwyer;591413537;Abourne   Grove, 770
10004180Y;Juliette Gibson;89256948;South Vale, 6255
10004200H;Renee Ward;230005643;Battersea   Way, 6016
10004220N;Matt Victor;969625696;Belgrave  Rue, 128
10004240U;Matt Chadwick;890420040;Udall   Drive, 9575
10004260J;Chester Weatcroft;349572059;Linda Lane Road, 8678
10004280M;Angela Thornton;337760114;Elia   Rue, 2987
10004300I;Denis Yarwood;774691305;Ben   Alley, 4722
10004320K;Barney Raven;443496155;Thurloe   Avenue, 5292
10004340O;Mike Weston;380041639;Woodland Road, 1971
10004360L;Clint Truscott;987309789;Hampden  Drive, 5237
10004380P;Carter Andrews;562997153;Castile  Avenue, 4357
10004402L;Paige Campbell;894318507;Clyde Street, 3191
10004420Q;Destiny Hogg;671095599;Thomas Doyle Grove, 3019
10004440W;Alan Edwards;933734889;Cecilia  Walk, 2537
10004460E;Ronald Oatway;627432281;King Vale, 3146
10004480R;Deborah Cox;522466388;Ernest  Alley, 7864
10004500T;Peyton Benson;692305164;Cobden  Walk, 5895
10004520Y;Logan Pickard;473077290;Oxford Grove, 9030
10004540U;Wade Sylvester;446553752;St. Johs  Grove, 7865
10004560I;Chuck Watson;48058798;Monroe Drive, 4434
10004580D;Rocco Bloom;649240318;Virginia Vale, 1036
10004600F;Jocelyn Matthews;760056306;Fawn Tunnel, 5097
10004620A;Mike Rogers;635560018;Adderley   Lane, 7525
10004640H;Russel Forester;893911877;Durweston   Pass, 4648
10004660C;Jade Walton;492265393;Victoria  Crossroad, 8706
10004680H;Ada Watson;326502410;Cheney  Grove, 4212
10004700Z;Logan Garner;371283964;Gavel   Avenue, 2245
10004720S;Johnathan Walker;416171198;Camera  Walk, 8855
10004740F;Chester Weldon;361956318;Gavel   Street, 9780
10004760R;Tom Ashwell;738969070;Black Swan  Tunnel, 7623
10004780E;Cara Davies;160108617;Cliff  Crossroad, 568
10004800Q;Henry Leslie;879951530;Longman   Grove, 5791
10004820A;Benjamin Jenkins;658561171;Carlton  Lane, 9541
1H0004840;Leah Higgs;674346116;Charterhouse  Road, 7215
G10004860;Danny Mills;946735343;Mariner  Crossroad, 2780
B10004880;Clint Ebden;918995730;Abbotswell  Way, 3439
10004900O;Marvin Fulton;79566493;Bendall   Walk, 2736
10004920T;Barney Whittle;733593273;Thurloe   Rue, 1550
10004940E;Angel Paterson;84056205;Linda Lane Walk, 3321
10004960D;Mike Ainsworth;397143232;Thomas  Crossroad, 4465
10004980C;Hayden Sherry;235053279;Elba  Tunnel, 7126
10005000V;Evelynn Martin;327994649;Bicknell  Vale, 7417
10005020B;Ember Swan;331507860;King Edward  Rue, 4152
10005040N;Owen Mason;261746788;Liverpool  Grove, 8199
10005060A;Mason Blythe;236043982;Rivervalley Walk, 806
10005080T;Audrey Shaw;576929511;Thrale   Grove, 1464
10005100N;Alba Scott;585820454;Railroad Way, 5744
10005120A;Ciara Janes;55630894;Waite  Tunnel, 2772
10005140H;Emma Murray;677354161;Caldwell   Hill, 7116
10005160G;Sarah Morris;339593582;Thurloe   Way, 5909
10005180S;Peter Khan;807876872;King Crossroad, 7480
10005200H;George Becker;946594291;Cleaver Boulevard, 4718
10005220V;Carl Tyler;241927844;Adams  Tunnel, 8479
10005240J;Anne Griffiths;497480209;Fieldstone Boulevard, 8201
10005260W;Tony Simpson;607886844;Blendon    Vale, 6492
10005280N;Jacob Tindall;723115708;Falconberg   Grove, 2724
10005457F;Monica Jones;192697575;Queensberry  Rue, 6541
10005320H;Maribel Thomas;988375520;Bush  Street, 9220
10005340R;Josh Flynn;451925182;Beaconsfield  Boulevard, 4281
10005360A;Melanie Chester;71130680;Cavaye  Rue, 6303
10005380C;Joseph Ventura;762271381;Fairview Pass, 3439
10005400J;Sabrina Shields;960678462;Elia   Grove, 5581
10005420K;Kieth Sylvester;570851276;Boadicea   Alley, 695
10005440L;Leroy Ellison;939179737;Carlisle  Boulevard, 6164
10005460Q;Alan Stubbs;467443398;Elystan  Alley, 6151
10005480G;Nick Archer;106046674;Rau Skyway, 86122 
