id,web,nombre,telf1,telf2
1,http://the100meterscroll.com/,Josh Bright,8-664-831-5244,3-886-175-1666
2,http://www.thisismywebsitenow.com/increase-cuteness/,Lana Shea,1-150-351-4174,1-130-032-2883
3,http://www.ismycomputeron.com/,Peter Underhill,6-841-626-2562,4-488-387-1206
4,https://accessmars.withgoogle.com/,Marvin Jackson,2-464-876-1155,5-234-675-6657
5,https://rabbitear.org/docs/,Johnny Freeburn,8-521-786-3437,0-757-533-2275
6,http://www.clicktoremove.com/,Benny Russell,1-143-041-3882,4-826-827-0650
7,https://theuselessweb.site/icantsleep/,Felicity Johnson,2-400-631-6567,2-838-667-5503
8,http://weavesilk.com/,Ryan Chappell,5-637-801-5278,0-225-063-4752
9,https://tonite.dance/,Henry Allington,8-231-074-4515,7-855-655-4053
10,http://ninjaflex.com/,Anthony Gardner,3-846-622-2607,6-328-445-1017
11,https://movenowthinklater.com/,Eduardo Redwood,0-580-446-4568,8-688-241-4781
12,http://ww12.beesbeesbees.com/,Meredith King,0-638-341-5565,2-225-027-5056
13,https://mutable.gallery/map/,Wade Eddison,5-621-272-3536,3-411-631-1202
14,http://endless.horse/,Candice Connor,5-374-828-1167,8-338-376-8766
15,https://trypap.com/,Chadwick Devonport,1-558-637-2454,3-850-613-3368
16,https://www.internetlivestats.com/,Alexia Grey,1-580-075-4166,3-143-058-6488
17,http://www.rrrgggbbb.com/,Felicity Seymour,4-328-526-3056,7-236-787-7338
18,http://burymewithmymoney.com/,Ronald Gavin,0-806-825-1844,2-444-881-8513
19,http://www.astroalpaca.com/,Ally Davies,8-014-644-2542,5-602-153-8244
20,https://origamisimulator.org/,Chad Vince,4-783-163-0081,3-510-808-8131
