"NOMBRE_CONTINENTE","HABITAT","CONTINENTE"
EUROPA,Alan,
EUROPA,Alessandra,
EUROPA,Alexa,
EUROPA,Alma,
EUROPA,Analise,
EUROPA,Audrey,
EUROPA,Bryon,
EUROPA,Caitlyn,
EUROPA,Carissa,
EUROPA,Carl,
EUROPA,Carolyn,
EUROPA,Chris,
EUROPA,Claire,
EUROPA,Clarissa,
EUROPA,Daniel,
EUROPA,Darlene,
EUROPA,Eden,
EUROPA,Ember,
EUROPA,Emma,
EUROPA,Esmeralda,
EUROPA,Hanna,
EUROPA,Jacob,
EUROPA,Janelle,
EUROPA,John,
EUROPA,Kaylee,
EUROPA,Lana,
EUROPA,Lara,
EUROPA,Leslie,
EUROPA,Logan,
EUROPA,Lucas,
EUROPA,Marigold,
EUROPA,Marilyn,
EUROPA,Martha,
EUROPA,Martin,
EUROPA,Mason,
EUROPA,Maxwell,
EUROPA,Michael,
EUROPA,Morgan,
EUROPA,Nathan,
EUROPA,Noah,
EUROPA,Paige,
EUROPA,Percy,
EUROPA,Peter,
EUROPA,Rick,
EUROPA,Rihanna,
EUROPA,Rocco,
EUROPA,Ronald,
EUROPA,Rosalie,
EUROPA,Rosalyn,
EUROPA,Sabina,
EUROPA,Sonya,
EUROPA,Tiffany,
EUROPA,Tom,
EUROPA,Vanessa,
EUROPA,Zara,
ÁFRICA,Enoch,
ÁFRICA,Ryan,
ÁFRICA,Stella,
OCEANIA,Anabelle,
OCEANIA,Cecilia,
OCEANIA,Christy,
OCEANIA,Mayleen,
OCEANIA,Phillip,
OCEANIA,Tyler,
AMÉRICA,Anthony,
AMÉRICA,Caleb,
AMÉRICA,Dalia,
AMÉRICA,Denny,
AMÉRICA,Grace,
AMÉRICA,Gwen,
AMÉRICA,Harry,
AMÉRICA,Hayden,
AMÉRICA,Lorraine,
AMÉRICA,Matthew,
AMÉRICA,Nicholas,
AMÉRICA,Roger,
AMÉRICA,Sarah,
AMÉRICA,Wendy,
AMÉRICA,Zoe,
ANTÁRTIDA,Elijah,
ANTÁRTIDA,Harvey,
ANTÁRTIDA,Javier,
ANTÁRTIDA,Johnathan,
ANTÁRTIDA,Julian,
ANTÁRTIDA,Kimberly,
ANTÁRTIDA,Mark,
ANTÁRTIDA,Norah,
