id,dni,nombre,direccion,telf,aval
1,FLXGEzpth,Anais,Antrobus   Vale,656567897,
2,oz11Ja0GF,Ron,Calderwood   Lane,656567898,
3,PYkOthXrp,Javier,Elgood   Alley,656567899,
4,qdGzn9lIN,Madison,Thomas  Alley,656567900,
5,RnszbEeyw,Hanna,Abbotswell  Route,656567901,
6,v75c7tQbq,David,Battis   Avenue,656567902,
7,Ts0b3p1OF,Eduardo,Boldero   Alley,656567903,
8,Gal2BppPA,Mayleen,Durham Street,656567904,
9,HEjIVoX3C,Willow,Queensberry  Hill,656567905,
10,0rP1Tojoa,Henry,Belmore  Way,656567906,
11,hj4wkSGuR,Leslie,Chestnut Rise Street,656567907,
12,0UXL8aYrD,Tyler,Enford   Crossroad,656567908,
13,bAcyEdGcS,Estrella,Armory  Drive,656567909,
14,gm3dUMdco,Candace,Bective  Avenue,656567910,
15,tb5JSn5NZ,Livia,Champion  Boulevard,656567911,
16,UvhbxfOs0,Makenzie,West Walk,656567912,
17,ezyVBKS9Y,Lindsay,Cheney  Street,656567913,
18,S7dAb5A1W,Hanna,Bicknell  Walk,656567914,
19,n7oxyG2Y6,Havana,Buttonwood Hill,656567915,
20,jBoeiusZI,Jacob,Callcott   Way,656567916,
21,D2AXNnMjy,Irene,Camera  Hill,656567917,
22,ZYc23WWy7,Henry,Cheltenham  Walk,656567918,
23,U1FuO2Atw,Tony,Bliss  Tunnel,656567919,
24,cQgIWPgOA,Logan,Chandos  Crossroad,656567920,
25,ECr2vGzkB,Mike,Woodland Way,656567921,
26,HyGaFzqkz,Rocco,Castle Drive,656567922,
27,CcCKzT0AB,Tony,Castlereagh   Way,656567923,
28,qrqPaax4u,Sage,Capeners  Walk,656567924,
29,FkWtowaLd,Angela,Hickory   Walk,656567925,
30,MIyZI9VYZ,Amy,Cedarne  Boulevard,656567926,
31,nKpuseQWV,Rosemary,Union  Avenue,656567927,1
32,3YyOR9fmI,Emmanuelle,Fieldstone Avenue,656567928,1
33,P76Bmubvf,Dani,Queen Caroline   Drive,656567929,1
34,nMTPkhJHw,Bob,Spruce Tunnel,656567930,1
35,q6qcgUVtg,Ramon,Calverley  Alley,656567931,1
36,bndoxLXhW,Brad,Belgrave  Lane,656567932,1
37,rDx5xvS98,Penelope,Meadow Rue,656567933,2
38,FgxJ3qc9V,Penny,Cliffords  Hill,656567934,2
39,BK5zQixsN,Hope,Berriman  Walk,656567935,2
40,9qvrpjXck,Cedrick,Aberavon  Vale,656567936,2
41,gzkwlWJri,Luke,Caxton  Hill,656567937,3
42,rc549rRqv,Johnny,Pine Route,656567938,3
43,9u0usN5mF,Eileen,Enderby   Walk,656567939,3
44,HTu7GbhkL,Phillip,Victoria Rise Grove,656567940,3
45,cJrmmS70M,Ronald,Aberavon  Route,656567941,4
46,qH12Xhto2,Bob,Angrave    Tunnel,656567942,4
47,TMTPDOAdp,Kenzie,Bective  Way,656567943,4
48,7uVaUpsxG,Abdul,Sheraton   Walk,656567944,4
49,3RHSGnkIw,Helen,Gatonby   Boulevard,656567945,4
50,fyqaxXOh1,Roger,Chester  Boulevard,656567946,4
51,aYjK62Kif,Penny,Lake Tunnel,656567947,4
52,a4qy1BXTY,Kaylee,Bazely   Road,656567948,4
53,7YtqOB7zD,Mayleen,Becklow  Lane,656567949,4
54,hbVWdhtAD,Valentina,Rosewood Boulevard,656567950,4
55,W9t8ea2QU,Erica,Thorndike   Street,656567951,4
56,7RwTjC659,Rufus,Caedmon  Avenue,656567952,4
57,Dse2BO1iQ,Josh,Bendall   Alley,656567953,4
58,P8rfQ6qeB,Tyler,Jackson Road,656567954,4
59,cWAasXXSR,Rae,Cockspur  Alley,656567955,4
60,MQMTEOatj,Sarah,Cedarne  Boulevard,656567956,4
61,rxjj20Iif,Jayden,Cephas  Tunnel,656567957,4
62,15MDpeK6y,Aileen,Babmaes    Vale,656567958,5
63,AGwAjytYu,Aiden,Fair Tunnel,656567959,5
64,BqrMSNq31,Hayden,Western   Alley,656567960,7
65,qlI1tVi5d,Alison,Aspen Walk,656567961,7
66,pMnnxcufw,Oliver,Epworth  Alley,656567962,7
67,BHk3MkhAI,Priscilla,Virgil   Hill,656567963,7
68,4j2nADPEY,Caitlyn,Castle Crossroad,656567964,7
69,fjPsO8BQd,Ciara,Camden  Drive,656567965,7
70,oQc2311vi,Eileen,Adams  Vale,656567966,8
71,PvbrARS4A,Nicholas,Geffrye   Lane,656567967,8
72,khUWwwLfx,Danny,Arlington  Tunnel,656567968,8
73,aRQ8MjicB,Camellia,Cavell   Boulevard,656567969,8
74,WluSUhZvL,Ema,Blendon    Vale,656567970,9
75,f7NkAB6yu,Fred,Monroe Crossroad,656567971,9
76,MU8aLbNcJ,Danny,Victoria Rise Boulevard,656567972,9
77,HgzqlU2Bc,Tony,Bellenden   Tunnel,656567973,9
78,vEvINaV9Z,Jack,Linda   Hill,656567974,9
79,pky3eGHIX,Renee,Cecilia  Street,656567975,9
80,ETfZWcU5Q,Chester,Bloomsbury  Street,656567976,9
81,6Yp6tDI7B,Luke,Berriman  Tunnel,656567977,9
82,1WdJG0jD8,Lara,Liverpool  Vale,656567978,9
83,XdeirbLnf,Ivy,Thomas More   Route,656567979,9
84,CIceF0wKT,Boris,Garfield Route,656567980,9
85,OylWjoZU8,Iris,Earl Rise Crossroad,656567981,84
86,ANMDrGi3g,Michaela,Rosewood Hill,656567982,9
87,IdQdnkR5B,Judith,Howard Tunnel,656567983,9
88,RK2FnjGlm,Liliana,Archery  Avenue,656567984,9
89,P9JbLI1UV,Denny,Beaconsfield  Tunnel,656567985,85
90,5Moa6qy3S,Cedrick,Lincoln Drive,656567986,89
91,80PXlHezr,Macy,Callcott   Rue,656567987,89
92,4FHrWcLq5,Catherine,Ampton  Vale,656567988,89
93,9ivMSl7uO,Lana,Boadicea   Alley,656567989,89
94,hkEBkqL5b,Joseph,Tilloch   Rue,656567990,89
95,s4EljsnYj,Aileen,Ellerman   Walk,656567991,90
96,AVsz1HpU7,Lucas,Dunstable   Lane,656567992,90
97,2uyjr3Ips,Bryce,Chesterfield  Street,656567993,95
98,vJhjVdGkn,Martin,Camdale  Alley,656567994,95
99,Cf4q8zy2G,Stephanie,Garfield Street,656567995,95
100,ItMF8Hul5,Roger,Linden Lane,656567996,99
101,pyCoXN8u7,Hayden,Calshot   Lane,656567997,99
102,60PMu4eog,Madelyn,Abbotswell  Alley,656567998,99
103,k1ISAwNsi,Alexia,Thorndike   Pass,656567999,99
104,0VdBReZLK,Eve,Cam  Hill,656568000,99
105,uk5xWzc6F,David,Wakley   Boulevard,656568001,99
106,GxY3jBnOE,Moira,Thomas Doyle   Tunnel,656568002,99
107,TLFPMS5LV,Thea,Black Swan  Route,656568003,99
108,CCfLrARlv,Martin,East Lane,656568004,99
109,T8dDoWq3y,Wade,Aylward   Alley,656568005,99
110,brNg9HDXD,Logan,Beatty  Vale,656568006,99
111,S6W3TcIrn,Aeris,Fairfield  Lane,656568007,99
112,792PTEFwg,Lexi,Blake  Alley,656568008,99
113,yxCWZTAev,Wendy,Charnwood   Lane,656568009,99
114,xvlBHLItg,Rae,Chalcot  Vale,656568010,99
115,1EPfpFUNw,Nick,Argyle  Rue,656568011,99
116,GpRfSdvYD,Jacob,Bel   Walk,656568012,99
117,nQjiPu8G3,William,Erindale Grove,656568013,99
118,FqaBf0ONH,Benjamin,Ashley Pass,656568014,99
119,RMFCzvpgr,Luke,Carlton  Road,656568015,99
120,QwGNxUXhg,Percy,Charterhouse  Lane,656568016,99
121,hJC8i3DDQ,Liv,Gatonby   Walk,656568017,99
122,n2kPEHATR,Nina,Elizabeth  Lane,656568018,99
123,QRKRlmiJg,Amelia,Lake Tunnel,656568019,99
124,8HsJbwRc9,Diane,Carolina  Avenue,656568020,99
125,QoPSl3wpX,Johnny,Virginia Grove,656568021,99
126,lK2FASKzl,Cedrick,Camelot   Route,656568022,99
127,wq5V8T04n,Maxwell,Norfolk  Road,656568023,99
128,oue0mZW8Q,Alice,Unwin  Lane,656568024,99
129,PFozN0TYB,Morgan,Bellenden  Boulevard,656568025,99
130,HzwWiq99d,Gina,Ayres   Lane,656568026,99
131,xbfsNMFaV,Stacy,Abourne   Road,656568027,99
132,YA0ekkmsw,Cynthia,Fairholt   Drive,656568028,99
133,LctaZyqxl,Allison,Littlebury  Vale,656568029,99
134,xQQJpIe3d,Sienna,Coley  Route,656568030,99
135,ct3BuV96d,Doug,Canon Lane,656568031,99
136,3JBxUVjGh,Luke,Elf  Boulevard,656568032,99
137,DTh6Fwv1H,Daniel,Westbourne Street,656568033,99
138,Vnpw9dGIc,Rose,Tilloch   Crossroad,656568034,99
139,a1BqBc9XL,Rosalyn,Birkin   Avenue,656568035,101
140,4fO9r4Uh6,Kieth,Garfield Hill,656568036,101
141,bDkp4uKFc,Camden,Amwell    Boulevard,656568037,12
142,IGEE71Jur,Maggie,Camdale  Hill,656568038,12
143,Tn6kYYsQs,Cedrick,Ayres   Alley,656568039,13
144,LIrjyPc8H,Angela,Chandos  Rue,656568040,141
145,gNYlHNeDx,Carl,Coborn  Route,656568041,141
146,9jAwtcL3s,Liam,Walnut Tunnel,656568042,99
147,6Je2LTolp,Carter,Bishop   Pass,656568043,99
148,vU1yqcLYh,Miriam,Bethwin  Alley,656568044,99
149,8IGKEAKly,Christine,Cheney  Rue,656568045,99
150,0Do8HTEBZ,Mina,Billing  Pass,656568046,99
151,FP5MLial5,Josh,Arlington  Vale,656568047,99
152,mF30YhZaT,Mayleen,Catherine  Walk,656568048,99
153,ZNA8uPYnz,Florence,Sheringham   Crossroad,656568049,99
154,549fNLLAz,Lana,Tilloch   Hill,656568050,99
155,bVFvUZnKn,Olivia,Parkfield  Lane,656568051,99
156,O0Gdna4Ff,Candace,Chandos  Pass,656568052,99
157,oi6T4S1e6,Julianna,Bingham   Grove,656568053,99
158,AW89VEhMA,Nathan,Lake Lane,656568054,99
159,lZoq1q1sZ,Vivian,Argyle  Rue,656568055,99
160,aFDmD6GKx,Rosemary,Magnolia Rue,656568056,99
161,mvpT2NyFv,Norah,Sundown Way,656568057,99
162,q3a59ek6b,Paige,Tiptree   Route,656568058,99
163,u4fP5LZgZ,Rae,Victorian  Boulevard,656568059,99
164,cQAXCpOxw,Nancy,Cliffords  Boulevard,656568060,99
165,YSPITS00m,John,Sheringham   Route,656568061,99
166,lrMgNkjYr,Jacqueline,Dyott   Way,656568062,99
167,mrYg2KYGR,Abdul,Norland  Vale,656568063,99
168,48Sb8CQjX,Bridget,Monroe Alley,656568064,99
169,sJFqkbTtG,Tess,Baltic  Pass,656568065,99
170,jtJTlQ7se,Janice,Heritage Pass,656568066,99
171,lFsKBSaqU,Chester,Camdenhurst   Boulevard,656568067,99
172,O9SYTGPv1,Nicole,Durnford  Walk,656568068,99
173,aL89VkjFY,Rosa,Bishop   Drive,656568069,99
174,YeoXRoTLM,Abdul,Boleyn  Road,656568070,99
175,QNdkGcr8i,Rocco,Boldero   Tunnel,656568071,99
176,9TN5mkYkR,Makenzie,Bedford  Boulevard,656568072,99
177,KLvEXFeRX,Chadwick,Chatsworth  Grove,656568073,99
178,N0MRUGQjK,Ryan,Bocking   Avenue,656568074,99
179,4iI6Q53Lt,Shelby,Bond Grove,656568075,99
180,30xZuLS76,Jacob,Aspen Pass,656568076,99
181,rlbchWUHb,Rita,Central  Way,656568077,99
182,YYSaQcKZY,Chester,Enford   Street,656568078,99
183,xPOjTcsLZ,Owen,Bletchley   Route,656568079,99
184,MaLVw9gq4,Renee,Camdale  Avenue,656568080,99
185,YLRuHGiHo,Caleb,Queen Caroline   Drive,656568081,99
186,CavDC9DlJ,Ronald,Clyde Boulevard,656568082,99
187,upY5QabSh,Amy,Chartham  Street,656568083,99
188,dlQujvn2j,Monica,Gatonby   Route,656568084,99
189,0pRWbJMYF,Ronald,Cardinal Road,656568085,99
190,MnSiXx1kP,Mabel,Norland  Road,656568086,99
191,PODZvJ5Fm,William,Woodland Road,656568087,99
192,j77WHUUMd,Gabriel,Bempton   Lane,656568088,99
193,mGfL4I8U0,Boris,Aberavon  Rue,656568089,99
194,lhtyz4OHi,Tony,Amwell    Rue,656568090,99
195,TFBICa4s3,Hayden,Timothy  Lane,656568091,99
196,RM9gxkXoG,Ryan,Fairbairn  Route,656568092,185
197,ZpukD6LyT,Estrella,Lake Crossroad,656568093,186
198,nnLhrPkvh,Nick,Heritage Pass,656568094,187
199,qwWnvJH05,Cassidy,Eaglet  Walk,656568095,111
200,VenJ6MGZU,Elijah,Cobden  Pass,656568096,188
